Ort,Bundesland
NA,NA
Birkenfeld,Rheinland-Pfalz
Gießen,Hessen
Nortorf,Schleswig-Holstein
Schönwalde,Mecklenburg-Vorpommern
Bornheim,Nordrhein-Westfalen
Diemelstadt,Hessen
Erkner,Brandenburg
Deutschneudorf,Sachsen
Werder / Havel,Brandenburg
Bad Waldsee,Baden-Württemberg
Bernau,Brandenburg
Dissen am Teutoburger Wald,Niedersachsen
Nideggen,Nordrhein-Westfalen
Kasseedorf,Schleswig-Holstein
Herborn,Hessen
Neuhof,Rheinland-Pfalz
Meschede,Nordrhein-Westfalen
Ahnatal,Hessen
Schönfließ,Brandenburg
Vorderweidenthal,Rheinland-Pfalz
Voerde,Nordrhein-Westfalen
Unterschleißheim,Bayern
Feuchtwangen,Bayern
Rinteln,Niedersachsen
Rüdenau,Bayern
Gusow-Platkow Platkow,Brandenburg
Groß Schacksdorf-Simmersdorf,Brandenburg
Itzehoe,Schleswig-Holstein
Oberneisen,Rheinland-Pfalz
Gilching,Bayern
Wilnsdorf,Nordrhein-Westfalen
Seefeld,Schleswig-Holstein
Wagenfeld,Niedersachsen
Schleusingen,Thüringen
Wiesloch,Baden-Württemberg
Kusel,Rheinland-Pfalz
Babenhausen,Hessen
Rottweil,Baden-Württemberg
Malente,Schleswig-Holstein
Christes,Thüringen
Pöhl,Sachsen
Kreuzbruch,Brandenburg
Wettstetten,Bayern
Jengen,Bayern
Damnatz,Niedersachsen
Niedernhall,Baden-Württemberg
Amberg,Bayern
A-Linz,Niedersachsen
Eppendorf,Sachsen
Groß Dratow,Mecklenburg-Vorpommern
Kloster Lehnin,Brandenburg
Thansau,Bayern
Osterhofen,Bayern
Schwarzhofen,Bayern
Beselich,Hessen
Xanten,Nordrhein-Westfalen
Görlitz,Sachsen
Meldorf,Schleswig-Holstein
Limbach-Oberfrohna,Sachsen
Bruck in der Oberpfalz,Bayern
Springe,Niedersachsen
Heinsberg,Nordrhein-Westfalen
Oldenburg,Niedersachsen
Velbert,Nordrhein-Westfalen
Bad Hindelang,Bayern
Schriesheim,Baden-Württemberg
Hummeltal,Bayern
Gerbitz,Sachsen-Anhalt
Bad Herrenalb,Baden-Württemberg
Glandorf,Niedersachsen
Cremlingen,Niedersachsen
Zingst,Mecklenburg-Vorpommern
Ansbach,Bayern
Los Angeles,NA
Oberhausen,Nordrhein-Westfalen
Fischach,Bayern
Langen,Hessen
Uelzen,Niedersachsen
Gmund am Tegernsee,Bayern
Weiding,Bayern
Kerpen,Nordrhein-Westfalen
Perl,Saarland
Schwarzenbek,Schleswig-Holstein
Schwedt,Nordrhein-Westfalen
Viersen,Nordrhein-Westfalen
Overath,Nordrhein-Westfalen
Barbelroth,Rheinland-Pfalz
Möhrendorf,Bayern
Völklingen,Saarland
Döbeln,Sachsen
Poyenberg,Schleswig-Holstein
Unterroth,Bayern
Zolling,Bayern
Bramsche,Niedersachsen
Voltlage,Niedersachsen
Jüterborg,NA
Arzfeld,Rheinland-Pfalz
Langenstein,Bayern
Alzenau in Unterfranken,Bayern
Bedburg,Nordrhein-Westfalen
Leonberg,Baden-Württemberg
Landau an der Isar,Bayern
Eppingen,Baden-Württemberg
Bopfingen,Baden-Württemberg
Oberbiberg,Bayern
Steinau,Niedersachsen
Quedlinburg,Sachsen-Anhalt
Solingen,Nordrhein-Westfalen
Holtsee,Schleswig-Holstein
Ursensollen,Bayern
Vlotho,Nordrhein-Westfalen
Braschwitz,Sachsen-Anhalt
Bad Soden am Taunus,Hessen
Bonn,Nordrhein-Westfalen
Hameln,Niedersachsen
Neustadt an der Waldnaab,Bayern
Kronach,Bayern
Olpe,Nordrhein-Westfalen
Dissen-Striesow,Brandenburg
Schwerin,Mecklenburg-Vorpommern
Taufkirchen,Bayern
Bad Iburg,Niedersachsen
Gera,Thüringen
Osthofen,Rheinland-Pfalz
Naumburg,Sachsen-Anhalt
Spelle,Niedersachsen
Markt Einersheim,Bayern
Balge,Niedersachsen
Zeuthen,Brandenburg
Hornbek,Schleswig-Holstein
Dresden,Sachsen
Tann,Hessen
Wasserburg am Inn,Bayern
Übach-Palenberg,Nordrhein-Westfalen
Postbauer-Heng,Bayern
Altenburg,Thüringen
Maintal,Hessen
Detmold,Nordrhein-Westfalen
Lauingen (Donau),Bayern
Ahorn,Baden-Württemberg
Lindena,Brandenburg
Allendorf (Eder),Hessen
Ditzingen,Baden-Württemberg
Bad Frankenhausen,Thüringen
Burgwedel,Niedersachsen
Sangerhausen,Sachsen-Anhalt
Rügland,Bayern
Bad Zwesten,Hessen
Fraunberg,Bayern
Windach,Bayern
Herten,Nordrhein-Westfalen
Vreden,Nordrhein-Westfalen
Wuppertal,Nordrhein-Westfalen
Stade,Niedersachsen
Plüderhausen,Baden-Württemberg
Sande,Niedersachsen
Wennigsen,Niedersachsen
Schneverdingen,Niedersachsen
Ingersleben,Sachsen-Anhalt
Adelsried,Bayern
Cochem,Rheinland-Pfalz
Sondermoning,Bayern
Bruchköbel,Hessen
Konstanz,Baden-Württemberg
Kümmersbruck,Bayern
Bruchmühlbach-Miesau,Rheinland-Pfalz
Grevenbroich,Nordrhein-Westfalen
Ahrensburg,Schleswig-Holstein
Versmold,Nordrhein-Westfalen
Wegberg,Nordrhein-Westfalen
Mansfeld,Sachsen-Anhalt
Pilsting,Bayern
Fürth,Bayern
Calden,Hessen
Bietigheim-Bissingen,Baden-Württemberg
Wangerland Hohenkirchen,Niedersachsen
Kirchberg an der Jagst,Baden-Württemberg
Sigmaringen,Baden-Württemberg
Hinte,Niedersachsen
Köfering,Bayern
Lauf an der Pegnitz,Bayern
Ubstadt-Weiher,Baden-Württemberg
Goslar,Niedersachsen
Goldkronach,Bayern
Ludwigsburg,Baden-Württemberg
Jade,Niedersachsen
CH- Wädenswill,NA
Bernried,Bayern
Saaldorf-Surheim,Bayern
Hoyerswerda,Sachsen
Amt Wachsenburg,Thüringen
Echem,Niedersachsen
Cuxhaven,Niedersachsen
Kiel,Schleswig-Holstein
Hillerse,Niedersachsen
Deggendorf,Bayern
Brunsbüttel,Schleswig-Holstein
Soest,Nordrhein-Westfalen
Inden,Nordrhein-Westfalen
Schkeuditz,Sachsen
Einbeck,Niedersachsen
Esslingen am Neckar,Baden-Württemberg
Barth,Mecklenburg-Vorpommern
Rosenheim,Bayern
Reichenbach-Steegen,Rheinland-Pfalz
Westerholt,Niedersachsen
Fulda,Hessen
Nürnberg,Bayern
Monschau,Nordrhein-Westfalen
Lichtenhain/Bergbahn,Thüringen
Wolfschlugen,Baden-Württemberg
Lübeck,Schleswig-Holstein
Ennigerloh,Nordrhein-Westfalen
Duisburg,Nordrhein-Westfalen
Berlin Kreuzberg,Berlin
"Berlin,Waltersdorf",Brandenburg
Gösen,Thüringen
Zellingen,Bayern
Kassel,Hessen
Lindlar,Nordrhein-Westfalen
Bad Pyrmont,Niedersachsen
Bad Kissingen,Bayern
Oerlinghausen,Nordrhein-Westfalen
Nienburg,Niedersachsen
Damp,Schleswig-Holstein
Zug,Sachsen
Bad Schwartau,Schleswig-Holstein
Hong Kong,NA
Wassenach,Rheinland-Pfalz
Memmingen,Bayern
Abenberg,Bayern
Hirschaid,Bayern
Lage,Nordrhein-Westfalen
Hachenburg,Rheinland-Pfalz
Seeheim-Jugenheim,Hessen
Neukirchen-Vluyn,Nordrhein-Westfalen
Gröbenzell,Bayern
Buschvitz,Mecklenburg-Vorpommern
Nahetal-Waldau,Thüringen
Sondershausen,Thüringen
Uelversheim,Rheinland-Pfalz
Bückeburg,Niedersachsen
Marktsteinach,Bayern
Petershagen,Nordrhein-Westfalen
Neuwied,Rheinland-Pfalz
Wernberg-Köblitz,Bayern
Gerswalde,Brandenburg
Prien am Chiemsee,Bayern
Weisendorf,Bayern
Nordhausen,Thüringen
Harsum,Niedersachsen
Neu Fahrland,Brandenburg
Waltenhofen,Bayern
Saalfeld/Saale,Thüringen
Erfurt,Thüringen
Ahlefeld-Bistensee,Schleswig-Holstein
Wiesenfeld,Thüringen
Nürtingen,Baden-Württemberg
Radolfzell am Bodensee,Baden-Württemberg
Senftenberg,Brandenburg
Waldbrunn,Baden-Württemberg
Steinkirchen,Bayern
Sinsheim,Baden-Württemberg
Bölkow,Mecklenburg-Vorpommern
Großrudestedt,Thüringen
Günzburg,Bayern
Deuselbach,Rheinland-Pfalz
Westerland,Schleswig-Holstein
Radebeul,Sachsen
Weiler,Rheinland-Pfalz
Creuzburg,Thüringen
Hainfeld,Rheinland-Pfalz
Mönchengladbach,Nordrhein-Westfalen
Schorndorf,Baden-Württemberg
Mauth,Bayern
Willich,Nordrhein-Westfalen
Furtwangen im Schwarzwald,Baden-Württemberg
Kelkheim (Taunus),Hessen
Lahnstein,Rheinland-Pfalz
Lohr am Main,Bayern
Bad Ems,Rheinland-Pfalz
Stockelsdorf,Schleswig-Holstein
Arnsberg-Müschede,Nordrhein-Westfalen
Dünsen,Niedersachsen
Hess. Oldendorf,NA
Lenningen,Baden-Württemberg
Schwandorf,Bayern
Quierschied,Saarland
Halstenbek,Schleswig-Holstein
Rheinfelden,NA
Buchholz in der Nordheide,Niedersachsen
Marklohe,Niedersachsen
Königstein im Taunus Schneidhain,Hessen
Stephanskirchen,Bayern
Cloppenburg,Niedersachsen
Freiburg im Breisgau,Baden-Württemberg
Ergersheim,Bayern
Walldorf,Baden-Württemberg
Briesen/Mark,Brandenburg
Singen,Baden-Württemberg
Wittenberg,Sachsen-Anhalt
Riegelsberg,Saarland
Torgelow,Mecklenburg-Vorpommern
Husum,Schleswig-Holstein
Andernach,Rheinland-Pfalz
Neuried,Baden-Württemberg
Bühl,Baden-Württemberg
Gladbeck,Nordrhein-Westfalen
Nordstemmen,Niedersachsen
Aschersleben,Sachsen-Anhalt
Düren,Nordrhein-Westfalen
Arnsberg,Nordrhein-Westfalen
Schöneck,Sachsen
Waldachtal,Baden-Württemberg
Erkrath,Nordrhein-Westfalen
Winnenden,Baden-Württemberg
Heidenheim an der Brenz,Baden-Württemberg
Erlensee,Hessen
Fellbach,Baden-Württemberg
Königswinter,Nordrhein-Westfalen
Wilhelmsthal,Bayern
Velten,Brandenburg
US- Los Angeles,NA
Neustadt bei Coburg,Bayern
Idstein,Hessen
Störnstein,Bayern
Dortmund,Nordrhein-Westfalen
Oederan,Sachsen
Baierbrunn,Bayern
Ingelheim,Rheinland-Pfalz
Strasburg,NA
Bischofsmais,Bayern
Schöppenstedt,Niedersachsen
Rackith,Sachsen-Anhalt
Ortrand,Brandenburg
Lünen,Nordrhein-Westfalen
Herdecke,Nordrhein-Westfalen
Schrobenhausen,Bayern
Koblenz,Rheinland-Pfalz
Frankfurt (Oder),Brandenburg
Bleckede,Niedersachsen
Roding,Bayern
Hermeskeil,Rheinland-Pfalz
Tönisvorst,Nordrhein-Westfalen
Berg,Bayern
Großenseebach,Bayern
Neuberg,Rheinland-Pfalz
Siegen,Nordrhein-Westfalen
Ingolstadt,Bayern
Oberkrämer,Brandenburg
Erbendorf,Bayern
Köln,Nordrhein-Westfalen
Holungen,Thüringen
Lichtenfels,Bayern
Cappeln (Oldenburg),Niedersachsen
Bad Neustadt an der Saale,Bayern
Bad Zwischenahn,Niedersachsen
Quakenbrück,Niedersachsen
Ammersbek,Schleswig-Holstein
Borstel-Hohenraden,Schleswig-Holstein
Lohmar,Nordrhein-Westfalen
Gräfelfing,Bayern
Stäbelow,Mecklenburg-Vorpommern
Daaden,Rheinland-Pfalz
Kalbe,Sachsen-Anhalt
Hartheim,Baden-Württemberg
Wiehl,Nordrhein-Westfalen
Stockach,Baden-Württemberg
Selbitz,Bayern
Pliezhausen,Baden-Württemberg
Dinkelscherben,Bayern
Niederkassel,Nordrhein-Westfalen
Rengsdorf,Rheinland-Pfalz
Obertshausen,Hessen
Schlangen,Nordrhein-Westfalen
Wedemark,Niedersachsen
Langenfeld,Nordrhein-Westfalen
Kirchheimbolanden,Rheinland-Pfalz
Seehausen,Sachsen-Anhalt
Emsdetten,Nordrhein-Westfalen
Pöcking,Bayern
Klingenthal/Sachsen,Sachsen
Lychen,Brandenburg
Walbeck,Nordrhein-Westfalen
Hochheim am Main,Hessen
Wunsiedel,Bayern
Medebach,Nordrhein-Westfalen
Rohrdorf,Bayern
Roth,Bayern
Medow,Mecklenburg-Vorpommern
Herne,Nordrhein-Westfalen
Rastede,Niedersachsen
Bergholz-Rehbrücke,Brandenburg
Herzogenrath,Nordrhein-Westfalen
GB-London,NA
Manching,Bayern
Nottuln,Nordrhein-Westfalen
Bergkamen,Nordrhein-Westfalen
Balve,Nordrhein-Westfalen
CH-Schindellegi,NA
Kopenhagen,Schleswig-Holstein
Erlenbach,Bayern
Munster,Niedersachsen
Lorsch,Hessen
Weida,Thüringen
Schwarmstedt,Niedersachsen
Bad Sobernheim,Rheinland-Pfalz
Marlow,Mecklenburg-Vorpommern
Ilvesheim,Baden-Württemberg
Waddeweitz,Niedersachsen
Maisach,Bayern
Schortens,Niedersachsen
Wolmirstedt,Sachsen-Anhalt
Borkum,Niedersachsen
Biederitz,Sachsen-Anhalt
Kempten,Rheinland-Pfalz
Asperg,Baden-Württemberg
Wendelstein,Bayern
Weinstadt,Baden-Württemberg
Augsburg,Bayern
Hille,Nordrhein-Westfalen
Bad Kreuznach,Rheinland-Pfalz
Hohenpolding,Bayern
Wildeshausen,Niedersachsen
Witten,Nordrhein-Westfalen
Schleswig,Schleswig-Holstein
Bockenem,Niedersachsen
Neugernsdorf,Thüringen
Rimbach,Rheinland-Pfalz
Schwabmünchen,Bayern
Suthfeld,Niedersachsen
Steinhorst,Schleswig-Holstein
Bundesland,NA
Eldenburg,Brandenburg
Bad Rappenau,Baden-Württemberg
Meerbusch,Nordrhein-Westfalen
Nördlingen,Bayern
Alsdorf,Nordrhein-Westfalen
Dessau,Sachsen-Anhalt
Ensdorf,Bayern
Bad Langensalza,Thüringen
Herford,Nordrhein-Westfalen
Bad Reichenhall,Bayern
Groß Nemerow,Mecklenburg-Vorpommern
Rödgen,Sachsen-Anhalt
Villingen-Schwenningen,Baden-Württemberg
Neu-Eichenberg,Hessen
Waiblingen,Baden-Württemberg
Nieder-Olm,Rheinland-Pfalz
Lippstadt,Nordrhein-Westfalen
Neuss,Nordrhein-Westfalen
Diedorf,Bayern
Neuschönau,Bayern
Brake,Niedersachsen
Braunschweig,Niedersachsen
Frauensee,Thüringen
Rennertshofen,Bayern
Fredersdorf-Vogelsdorf,Brandenburg
Lüchow,Niedersachsen
Krefeld,Nordrhein-Westfalen
Mutterstadt,Rheinland-Pfalz
Pohlheim,Hessen
Rehlingen-Siersburg,Saarland
Rostock,Mecklenburg-Vorpommern
Dudenhofen,Rheinland-Pfalz
Weißkeißel,Sachsen
Ebelsbach,Bayern
Siegsdorf,Bayern
Greding,Bayern
Eichstätt,Bayern
ZY- Limassol,NA
Bad Breisig,Rheinland-Pfalz
Arnstadt,Thüringen
Töpen,Bayern
Buseck,Hessen
Giekau,Schleswig-Holstein
Nassau,Rheinland-Pfalz
Emmendingen,Baden-Württemberg
Schwäbisch Hall,Baden-Württemberg
Sulzbach-Rosenberg,Bayern
Überlingen,Baden-Württemberg
Biesenthal,Brandenburg
Landsberg,Bayern
Lübben,Brandenburg
Dessau-Roßlau,Sachsen-Anhalt
Falkensee,Brandenburg
Lehrte,Niedersachsen
Heeslingen,Niedersachsen
Hetlingen,Schleswig-Holstein
Wolnzach,Bayern
Otterndorf,Niedersachsen
Schildau,Sachsen
Templin,Brandenburg
Abstatt,Baden-Württemberg
Gohrisch,Sachsen
Neudietendorf,Thüringen
Vallendar,Rheinland-Pfalz
Cham,Bayern
Sankt Peter-Ording,Schleswig-Holstein
Rheinzabern,Rheinland-Pfalz
Rüsselsheim,Hessen
Nußbaum,Rheinland-Pfalz
Dietersheim,Bayern
Sankt Wendel,Saarland
Ronsberg,Bayern
Ingelheim am Rhein,Rheinland-Pfalz
Bienenbüttel,Niedersachsen
Alt Krüssow,Brandenburg
Osterholz-Scharmbeck,Niedersachsen
Kaarst,Nordrhein-Westfalen
Wunstorf,Niedersachsen
Wackernheim,Rheinland-Pfalz
Greifswald,Mecklenburg-Vorpommern
Konz,Rheinland-Pfalz
Hof,Bayern
Nobitz,Thüringen
Senden,Bayern
Panschwitz-Kuckau,Sachsen
Leverkusen,Nordrhein-Westfalen
Mustin,Mecklenburg-Vorpommern
Esens,Niedersachsen
Gotha,Thüringen
Sauerlach,Bayern
Wasserburg (Bodensee),Bayern
Martfeld,Niedersachsen
Schweinfurt,Bayern
Idar-Oberstein,Rheinland-Pfalz
Füssen,Bayern
Haimhausen,Bayern
Hatten,Niedersachsen
Steinsfeld,Bayern
Euskirchen,Nordrhein-Westfalen
Kulmbach,Bayern
Kleve,Nordrhein-Westfalen
Ahlen,Nordrhein-Westfalen
UK- Ascot-Berkshire,NA
Reichenbach,Sachsen
Laupheim,Baden-Württemberg
Frankfurt a.M.,Hessen
Pinneberg,Schleswig-Holstein
Ettringen,Rheinland-Pfalz
Salzkotten,Nordrhein-Westfalen
Mettlach,Saarland
Rentweinsdorf,Bayern
Schildow,Brandenburg
Bad Münder am Deister,Niedersachsen
Peine,Niedersachsen
Neuching,Bayern
Neißeaue,Sachsen
"Pegau, OT Großstorkwitz",NA
Hilgertshausen-Tandern,Bayern
Rösrath,Nordrhein-Westfalen
Delitzsch,Sachsen
Freising,Bayern
Ahlstädt,Thüringen
Hörstel,Nordrhein-Westfalen
Stuttgart,Baden-Württemberg
Buxtehude,Niedersachsen
Winsen,Schleswig-Holstein
Monsheim,Rheinland-Pfalz
Pritzwalk,Brandenburg
Garrel,Niedersachsen
Groß Klessow,Brandenburg
Landshut,Bayern
Bendorf,Rheinland-Pfalz
Heilbronn,Baden-Württemberg
Veledn,NA
Kröppelshagen-Fahrendorf,Schleswig-Holstein
Salzweg,Bayern
Düsseldorf,Nordrhein-Westfalen
Minden,Nordrhein-Westfalen
Ludwigshafen,Rheinland-Pfalz
Gifhorn,Niedersachsen
CH- St. Gallen,NA
Taunusstein,Hessen
Hambühren,Niedersachsen
Bayreuth,Bayern
Mainz,Rheinland-Pfalz
Bautzen,Sachsen
Freiburg,Baden-Württemberg
Gründau,Hessen
Kirchheim unter Teck,Baden-Württemberg
Karlsruhe,Baden-Württemberg
Kottenheim,Rheinland-Pfalz
Karow,Berlin
Rammelsbach,Rheinland-Pfalz
Ostfildern,Baden-Württemberg
London,NA
Friedenfels,Bayern
Telgte,Nordrhein-Westfalen
Sembach,Rheinland-Pfalz
Alheim,Hessen
Troisdorf,Nordrhein-Westfalen
Wenden,Nordrhein-Westfalen
Eschborn,Hessen
Usingen,Hessen
Mühlhausen,Thüringen
Jockgrim,Rheinland-Pfalz
Mittenwald,Bayern
Wiesbaden-Biebrich,Hessen
Schierensee,Schleswig-Holstein
Darmstadt,Hessen
Recklinghausen,Nordrhein-Westfalen
Weiherhammer,Bayern
Aldenhoven,Nordrhein-Westfalen
Weißenborn,Sachsen
Breisach am Rhein,Baden-Württemberg
Großdubrau,Sachsen
Karlskron,Bayern
Bremerhaven,Bremen
Dahlen,Sachsen
Dernbach (Westerwald),Rheinland-Pfalz
Caslano,NA
Mülsen,Sachsen
Wetter (Ruhr),Nordrhein-Westfalen
Ahlsdorf,Sachsen-Anhalt
Wandlitz,Brandenburg
Hoppenrade,Mecklenburg-Vorpommern
Stimpfach,Baden-Württemberg
Homburg,Saarland
Müncheberg,Brandenburg
Sömmerda,Thüringen
Ramsla,Thüringen
Wörth an der Isar,Bayern
Grimma,Sachsen
Herrsching am Ammersee,Bayern
Rohrbach,Bayern
Magdeburg,Sachsen-Anhalt
Montabaur,Rheinland-Pfalz
Wassenberg,Nordrhein-Westfalen
Billigheim,Baden-Württemberg
Wetzlar,Hessen
Bad Bibra,Sachsen-Anhalt
Ottenbach,Bayern
Rottendorf,Bayern
Prötzel,Brandenburg
Märkische Heide,Brandenburg
Eckernförde,Schleswig-Holstein
Haarbach,Bayern
Pullach im Isartal,Bayern
Syke,Niedersachsen
Sulzberg,Bayern
Lilienthal,Niedersachsen
Schneeberg,Sachsen
Westerstede,Niedersachsen
Oberrot-Marhördt,Baden-Württemberg
Oer-Erkenschwick,Nordrhein-Westfalen
Ruhmannsfelden,Bayern
Vetschau,Nordrhein-Westfalen
Lübtheen,Mecklenburg-Vorpommern
Eiterfeld,Hessen
Hirschberg an der Bergstraße,Baden-Württemberg
Hermannsburg,Niedersachsen
Bestwig,Nordrhein-Westfalen
Brühl,Nordrhein-Westfalen
Lichtenau,Nordrhein-Westfalen
Dobel,Baden-Württemberg
Weißenfels,Sachsen-Anhalt
Seligenstadt,Hessen
Baden-Baden,Baden-Württemberg
Eberswalde,Brandenburg
Klietz,Sachsen-Anhalt
Kinding,Bayern
Biebesheim,Hessen
Bad Harzburg,Niedersachsen
Hamburg,Hamburg
Donnersdorf,Bayern
Heidelberg,Baden-Württemberg
Zirndorf,Bayern
Rheine,Nordrhein-Westfalen
Kumhausen,Bayern
Werder (Havel),Brandenburg
Kalkar,Nordrhein-Westfalen
Nörtershausen,Rheinland-Pfalz
Dötlingen,Niedersachsen
Freilassing,Bayern
Havelaue,Brandenburg
Marloffstein,Bayern
Melsungen,Hessen
Weil im Schönbuch,Baden-Württemberg
Laatzen,Niedersachsen
Halle,Nordrhein-Westfalen
Rathenow,Brandenburg
Illingen,Baden-Württemberg
Sargstedt,Sachsen-Anhalt
Dreieich,Hessen
København,NA
Lauterbach,Hessen
Jena,Thüringen
Drage,Schleswig-Holstein
Stralsund,Mecklenburg-Vorpommern
Katlenburg-Lindau,Niedersachsen
Ludwigshafen am Rhein,Rheinland-Pfalz
Ulm,Baden-Württemberg
Lamsfeld-Groß Liebitz,Brandenburg
Rendsburg,Schleswig-Holstein
Bodenmais,Bayern
Driedorf,Hessen
Oschatz,Sachsen
Peißenberg,Bayern
Bad Wiessee,Bayern
Kaufbeuren,Bayern
Sülzfeld,Thüringen
Neubrandenburg,Mecklenburg-Vorpommern
Leinefelde-Worbis,Thüringen
Bad Honnef,Nordrhein-Westfalen
Viechtach,Bayern
Garching bei München,Bayern
Lohne (Oldenburg),Niedersachsen
Unterhaching,Bayern
Laubach,Hessen
Rot am See,Baden-Württemberg
Hückelhoven,Nordrhein-Westfalen
Stolberg (Rheinland),Nordrhein-Westfalen
Münster,Nordrhein-Westfalen
Artern,Thüringen
Baiersbronn,Baden-Württemberg
Schmelz,Saarland
Hagen,Nordrhein-Westfalen
Kahla,Thüringen
Eresing,Bayern
Bobingen,Bayern
Karstädt,Brandenburg
Schlieben,Brandenburg
Reisbach,Bayern
Coburg,Bayern
Bad Berleburg,Nordrhein-Westfalen
Regensburg,Bayern
Forst,Brandenburg
Scheinfeld,Bayern
Hümmerich,Rheinland-Pfalz
Mölln,Schleswig-Holstein
Neuenhagen,Brandenburg
Daun,Rheinland-Pfalz
Bottrop,Nordrhein-Westfalen
Scheßlitz,Bayern
Bad Nauheim,Hessen
Mintraching,Bayern
Neumarkt in der Oberpfalz,Bayern
Würzburg,Bayern
Alzey,Rheinland-Pfalz
Rödermark,Hessen
Wechmar,Thüringen
Friedland,Mecklenburg-Vorpommern
Hennigsdorf,Brandenburg
Tetenhusen,Schleswig-Holstein
Altshausen,Baden-Württemberg
Porza,NA
Elsenfeld,Bayern
Metelen,Nordrhein-Westfalen
Poing,Bayern
Herzogenaurach,Bayern
Burbach,Rheinland-Pfalz
Verl,Nordrhein-Westfalen
Olsberg,Nordrhein-Westfalen
Warstein,Nordrhein-Westfalen
Würselen,Nordrhein-Westfalen
Prerow,Mecklenburg-Vorpommern
Aichach,Bayern
Grebenhain,Hessen
Kammerstein,Bayern
Wipperfürth,Nordrhein-Westfalen
Penig,Sachsen
Ebersberg,Bayern
Abensberg,Bayern
AT- Salzburg,NA
Brüggen,Nordrhein-Westfalen
Dietzenbach,Hessen
Horstmar,Nordrhein-Westfalen
Judenbach,Thüringen
Kreuztal,Nordrhein-Westfalen
Starnberg,Bayern
Gelnhausen,Hessen
Bad Vilbel,Hessen
Niederkrüchten,Nordrhein-Westfalen
Gehofen,Thüringen
Bergisch Gladbach,Nordrhein-Westfalen
Uplengen,Niedersachsen
Göttingen,Niedersachsen
Rietheim-Weilheim,Baden-Württemberg
Bamberg,Bayern
Berkholz-Meyenburg,Brandenburg
Röblingen am See,Sachsen-Anhalt
Tuttlingen,Baden-Württemberg
Merching,Bayern
Dörverden,Niedersachsen
Altlandsberg,Brandenburg
Langwedel,Schleswig-Holstein
Biebesheim am Rhein,Hessen
Neustadt,Rheinland-Pfalz
Lüdenscheid,Nordrhein-Westfalen
Tirschenreuth,Bayern
Heilbad Heiligenstadt,Thüringen
Neuburg am Inn,Bayern
Pfaffenhofen an der Ilm,Bayern
Auerbach/Vogtland,Sachsen
Kleinmachnow,Brandenburg
Winkelsett,Niedersachsen
Schmalkalden,Thüringen
Sulzemoos,Bayern
Bad Sassendorf,Nordrhein-Westfalen
Hilpoltstein,Bayern
Hardebek,Schleswig-Holstein
Kölln-Reisiek,Schleswig-Holstein
Sulzbach/Saar,Saarland
erfurt,Thüringen
Putgarten,Mecklenburg-Vorpommern
Hauenstein,Rheinland-Pfalz
Gelsenkirchen,Nordrhein-Westfalen
Zerbst,Sachsen-Anhalt
Pfeffenhausen,Bayern
CH- Thalwil,NA
Arnstein,Bayern
Ebern,Bayern
St. Wendel,Saarland
Meiningen,Thüringen
Kirchen (Sieg),Rheinland-Pfalz
Merseburg,Sachsen-Anhalt
Weyerbusch,Rheinland-Pfalz
Schramberg,Baden-Württemberg
Titisee-Neustadt,Baden-Württemberg
Spremberg,Brandenburg
Kupferzell,Baden-Württemberg
Hohen Demzin,Mecklenburg-Vorpommern
Selb,Bayern
Eisenberg,Thüringen
Buchloe,Bayern
Karben,Hessen
Straelen,Nordrhein-Westfalen
Gaukönigshofen,Bayern
Passau,Bayern
Böblingen,Baden-Württemberg
Urbach,Baden-Württemberg
Monheim am Rhein,Nordrhein-Westfalen
Potsdam,Brandenburg
Klein Königsförde,Schleswig-Holstein
Buch,Berlin
Espelkamp,Nordrhein-Westfalen
"Neumarkt in der Oberpfalz,Wettstetten",NA
Lich,Hessen
Grünwald,Bayern
Grebenhain-Bermuthshain,Hessen
Burgdorf,Niedersachsen
Wachau OT Leppersdorf,NA
Erlabrunn,Bayern
Marsberg,Nordrhein-Westfalen
Celle,Niedersachsen
Hagelberg,Brandenburg
Garbsen,Niedersachsen
Bad Homburg,Hessen
Wesel,Nordrhein-Westfalen
Weimar,Thüringen
CH- Suvigliana,NA
CH-Lausanne,NA
Wachsenburggemeinde,NA
Altenkirchen,Mecklenburg-Vorpommern
Delmenhorst,Niedersachsen
Duderstadt,Niedersachsen
Obertraubling,Bayern
Willebadessen,Nordrhein-Westfalen
CH- Klosters,NA
Kronberg im Taunus,Hessen
Blaichach,Bayern
CH- Bulle,NA
Coppenbrügge,Niedersachsen
Aichtal,Baden-Württemberg
Weißenstadt,Bayern
Hösbach,Bayern
Hasselfelde,Sachsen-Anhalt
Wanderup,Schleswig-Holstein
Gersthofen,Bayern
Schuby,Schleswig-Holstein
Hennef,Nordrhein-Westfalen
Forchheim,Bayern
Unterföhring,Bayern
Feldafing,Bayern
Künzelsau,Baden-Württemberg
NL- Norderfriedrichskoog,NA
Parsberg,Bayern
Saarlouis,Saarland
Halle (Saale),Sachsen-Anhalt
Pfronten,Bayern
Seesen,Niedersachsen
Marktredwitz,Bayern
Asbach-Bäumenheim,Bayern
Teltow,Brandenburg
Bitterfeld-Wolfen,Sachsen-Anhalt
Zeven,Niedersachsen
Weinheim,Baden-Württemberg
Ortenberg,Hessen
Boxberg/Oberlausitz,NA
Waldhufen,Sachsen
Rottenburg an der Laaber,Bayern
Oberaudorf,Bayern
Osterode am Harz,Niedersachsen
Remscheid,Nordrhein-Westfalen
Mülheim,Nordrhein-Westfalen
Gottmadingen,Baden-Württemberg
Wendisch Waren,Mecklenburg-Vorpommern
Gundelsheim,Baden-Württemberg
Haldensleben,Sachsen-Anhalt
Coswig,Sachsen
Thierhaupten,Bayern
Eisenach,Thüringen
Hachelbich,Thüringen
Prenzlau,Brandenburg
Schönwald,Bayern
Grünhainichen,Sachsen
Tornow,Brandenburg
Erding,Bayern
Marktheidenfeld,Bayern
Monheim am Rhein Baumberg,Nordrhein-Westfalen
Bous,Saarland
Bäch,Sachsen-Anhalt
Kirchhundem,Nordrhein-Westfalen
Buchbach,Bayern
Waren,Mecklenburg-Vorpommern
Putzbrunn,Bayern
Weißenhorn,Bayern
Hannover,Niedersachsen
CH-Zug,NA
Tessenow,Mecklenburg-Vorpommern
Rodewisch,Sachsen
Hagenow,Mecklenburg-Vorpommern
Sarstedt,Niedersachsen
Eitting,Bayern
Glashütten,Hessen
Aurich,Niedersachsen
Hünxe,Nordrhein-Westfalen
Staßfurt,Sachsen-Anhalt
Büdingen,Hessen
Wietmarschen,Niedersachsen
Arzberg,Bayern
Melle,Niedersachsen
Schwarzenbach an der Saale,Bayern
Bad Salzuflen,Nordrhein-Westfalen
Aalen,Baden-Württemberg
Horb am Neckar,Baden-Württemberg
Frechen,Nordrhein-Westfalen
Gütersloh,Nordrhein-Westfalen
Ingersheim,Baden-Württemberg
Plattling,Bayern
Lauenburg/Elbe,Schleswig-Holstein
Erlangen,Bayern
Reutlingen,Baden-Württemberg
Zweibrücken,Rheinland-Pfalz
Castrop-Rauxel,Nordrhein-Westfalen
Rietberg,Nordrhein-Westfalen
Eydelstedt,Niedersachsen
Stadtilm,Thüringen
Lauchringen,Baden-Württemberg
Papenburg,Niedersachsen
Korbach,Hessen
Herschberg,Rheinland-Pfalz
Sinzig,Rheinland-Pfalz
Scharnebeck,Niedersachsen
Erkelenz,Nordrhein-Westfalen
Töging am Inn,Bayern
Bad Segeberg,Schleswig-Holstein
Thalheim,Sachsen
Viernheim,Hessen
Immenstadt im Allgäu,Bayern
Osterby,Schleswig-Holstein
Hartmannsdorf,Thüringen
Altenstadt,Bayern
Willingen (Upland),Hessen
CH- Caslano,NA
Bremen,Bremen
Wildflecken,Bayern
Auengrund,Thüringen
Niedling,Bayern
Göppingen,Baden-Württemberg
Kirchlinteln,Niedersachsen
Fronhausen,Hessen
Eichstetten,Baden-Württemberg
Landau in der Pfalz,Rheinland-Pfalz
Kunreuth,Bayern
Steinfeld,Schleswig-Holstein
Prichsenstadt,Bayern
Marl,Nordrhein-Westfalen
Bernau am Chiemsee,Bayern
Hademstorf,Niedersachsen
Bergheim,Nordrhein-Westfalen
Neu Wulmsdorf,NA
Salzgitter,Niedersachsen
Stallwang,Bayern
Rain,Bayern
Soll / Tirol,NA
Bochum,Nordrhein-Westfalen
Tutzing,Bayern
Hückeswagen,Nordrhein-Westfalen
Pulheim,Nordrhein-Westfalen
Gunzesried,Bayern
Vilshofen,Bayern
Lehesten,Thüringen
Aumühle,Schleswig-Holstein
Pfatter,Bayern
Metzingen,Baden-Württemberg
Oldenburg (Oldenburg),Niedersachsen
Mittelbach bei Chemnitz,Sachsen
Wittichenau,Sachsen
Lohfelden,Hessen
Stahnsdorf,Brandenburg
Claußnitz,Sachsen
Langerwisch,Brandenburg
Bad Wildungen,Hessen
Lutherstadt Wittenberg,Sachsen-Anhalt
Moers,Nordrhein-Westfalen
Weimar-Legefeld,Thüringen
Barsbüttel,Schleswig-Holstein
Brome,Niedersachsen
Bingen am Rhein,Rheinland-Pfalz
Bingen/Rhein,Rheinland-Pfalz
Nidda,Hessen
Rastatt,Baden-Württemberg
Kleinkahl,Bayern
CH- Schindellegi,NA
Gimbsheim,Rheinland-Pfalz
Halberstadt,Sachsen-Anhalt
Biberach an der Riß Bergerhausen,Baden-Württemberg
Seelze,Niedersachsen
Hamm,Nordrhein-Westfalen
Flensburg,Schleswig-Holstein
Ergolding,Bayern
Stadtbergen,Bayern
Oppenweiler,Baden-Württemberg
Rotterode,Thüringen
Neuruppin,Brandenburg
Waldbröl,Nordrhein-Westfalen
Neustadt am Rübenberge,Niedersachsen
Wald,Nordrhein-Westfalen
Glienick,Brandenburg
Arneburg,Sachsen-Anhalt
Lubmin,Mecklenburg-Vorpommern
Crailsheim,Baden-Württemberg
Schwülper,Niedersachsen
Mittenwalde,Brandenburg
Woltersdorf,Schleswig-Holstein
Heidenheim,Baden-Württemberg
Swisttal,Nordrhein-Westfalen
Holzminden,Niedersachsen
Paderborn,Nordrhein-Westfalen
Dachau,Bayern
Leun,Hessen
Lemgo,Nordrhein-Westfalen
Frankenberg,Sachsen
Seevetal,Niedersachsen
Dähre,Sachsen-Anhalt
Friedrichshafen,Baden-Württemberg
Schönwölkau,Sachsen
Trossingen,Baden-Württemberg
Brackenheim,Baden-Württemberg
Auerbach,Sachsen
Bünde,Nordrhein-Westfalen
Bischberg,Bayern
Isen,Bayern
Mühldorf am Inn,Bayern
Rust,Baden-Württemberg
Roggentin,Mecklenburg-Vorpommern
CH- Ruvigliana,NA
Neuffen,Baden-Württemberg
Offenburg,Baden-Württemberg
Borna,Sachsen
Hammelburg,Bayern
Berlin Friedrichshain,Berlin
Mellrichstadt,Bayern
Roßla,Sachsen-Anhalt
Bokel,Schleswig-Holstein
Kaschenbach,Rheinland-Pfalz
Taucha,Sachsen
Sindelfingen,Baden-Württemberg
Diepholz,Niedersachsen
Delbrück,Nordrhein-Westfalen
Aachen,Nordrhein-Westfalen
Budenheim,Rheinland-Pfalz
Ringe,NA
Vechta,Niedersachsen
Jößnitz,Sachsen
Hindenberg,Brandenburg
Lupburg,Bayern
Zeulenroda,Thüringen
Schwalbach,Saarland
Emden,Niedersachsen
Frauenneuharting,Bayern
Bunde,Niedersachsen
Freiberg,Sachsen
Saara,Thüringen
Kamenz,Sachsen
Werlaburgdorf,Niedersachsen
Bad Bramstedt,Schleswig-Holstein
Velpke,Niedersachsen
Hürth,Nordrhein-Westfalen
Rottach-Egern,Bayern
Gemünden am Main,Bayern
Emmering,Bayern
Döbern,Brandenburg
Immenstadt,Bayern
Hofheim am Taunus,Hessen
Kampen,Schleswig-Holstein
Illertissen,Bayern
Oestrich-Winkel,Hessen
Hildesheim,Niedersachsen
Butzbach,Hessen
Wedel,Schleswig-Holstein
Püttlingen,Saarland
Rüssingen,Rheinland-Pfalz
Sörgenloch,Rheinland-Pfalz
Amsdorf,Sachsen-Anhalt
Weiden,Baden-Württemberg
Reichenschwand,Bayern
Scheeßel,Niedersachsen
Durach,Bayern
Basdorf,Brandenburg
Bad Homburg vor der Höhe,Hessen
Glauburg,Hessen
Rehborn,Rheinland-Pfalz
Cottbus,Brandenburg
Trier,Rheinland-Pfalz
Seebach,Bayern
Neugattersleben,Sachsen-Anhalt
Langenhagen,Niedersachsen
Niefern-Öschelbronn,Baden-Württemberg
Wolfsburg,Niedersachsen
Unna,Nordrhein-Westfalen
Bad Gandersheim,Niedersachsen
Tuchenbach,Bayern
Bad Rothenfelde,Niedersachsen
Chemnitz,Sachsen
Neunkirchen,Saarland
Rheinberg,Nordrhein-Westfalen
Helmstedt,Niedersachsen
Neu-Ulm,Bayern
Neunburg vorm Wald,Bayern
Elsterwerda,Brandenburg
Haan,Nordrhein-Westfalen
"Leuna,Gründau",NA
Landsberg am Lech,Bayern
Wittenburg,Mecklenburg-Vorpommern
München,Bayern
Jesteburg,Niedersachsen
Emstek,Niedersachsen
Werdau,Sachsen
Neu-Isenburg,Hessen
Pegnitz,Bayern
Manderscheid,Rheinland-Pfalz
Sankt Ingbert,Saarland
Hausen,Hessen
Guttenberg,Bayern
Radeburg,Sachsen
Offenbach,Hessen
Bubsheim,Baden-Württemberg
Aschaffenburg,Bayern
Ralswiek,Mecklenburg-Vorpommern
Lemgow,Niedersachsen
Wilhelmshaven,Niedersachsen
Hanhofen,Rheinland-Pfalz
Emmerich,Nordrhein-Westfalen
Glauchau,Sachsen
Wieda,Niedersachsen
Wien,Bayern
Oberhaching,Bayern
Regenstauf,Bayern
Wiesbaden,Hessen
Bocholt,Nordrhein-Westfalen
Wulferstedt,Sachsen-Anhalt
Eltville am Rhein,Hessen
Wörrstadt,Rheinland-Pfalz
Neustadt an der Weinstraße,Rheinland-Pfalz
Rehburg-Loccum,Niedersachsen
Filderstadt,Baden-Württemberg
Eppelheim,Baden-Württemberg
Brandenburg an der Havel,Brandenburg
Blieskastel,Saarland
Dormagen,Nordrhein-Westfalen
Aue,Sachsen
Missen-Wilhams,Bayern
Weilrod,Hessen
Hessisch Oldendorf,Niedersachsen
Delligsen,Niedersachsen
Schwanau,Baden-Württemberg
Ampfing,Bayern
Hausham,Bayern
Ottobrunn,Bayern
Wollerau,NA
Meerane,Sachsen
Dülmen,Nordrhein-Westfalen
Waldshut-Tiengen,Baden-Württemberg
Worms,Rheinland-Pfalz
Haldenwang,Bayern
Wildenberg,Bayern
Marktrodach,Bayern
Ellingen,Bayern
Müden (Aller),Niedersachsen
Schönefeld,Brandenburg
Neustadt an der Aisch,Bayern
Gomadingen,Baden-Württemberg
Dahn,Rheinland-Pfalz
Schmallenberg,Nordrhein-Westfalen
Schwangau,Bayern
Erftstadt,Nordrhein-Westfalen
Bad Dürrheim,Baden-Württemberg
Löhne,Nordrhein-Westfalen
Zörbig,Sachsen-Anhalt
Prötzel Prädikow,Brandenburg
Grünberg,Hessen
Pötenitz,Mecklenburg-Vorpommern
Eichenzell,Hessen
Bischofferode,Hessen
Ismaning,Bayern
Eggolsheim,Bayern
Bad Staffelstein,Bayern
Groß Rosenburg,Sachsen-Anhalt
Wismar,Mecklenburg-Vorpommern
Moritzburg,Sachsen
Kohren-Sahlis,Sachsen
Edenkoben,Rheinland-Pfalz
Gerlingen,Baden-Württemberg
Eschweiler,Nordrhein-Westfalen
Kochel am See,Bayern
Oberursel,Hessen
Dernbach,Rheinland-Pfalz
Rastenberg,Thüringen
Backnang,Baden-Württemberg
Frankenhardt,Baden-Württemberg
Spora,Sachsen-Anhalt
Bad Hersfeld,Hessen
Garlin,Brandenburg
Hornbach,Rheinland-Pfalz
Kasendorf,Bayern
Stahlhofen,Rheinland-Pfalz
Neu Kosenow,Mecklenburg-Vorpommern
Zwenkau,Sachsen
Bad Kleinen,Mecklenburg-Vorpommern
Jöhstadt,Sachsen
Korschenbroich,Nordrhein-Westfalen
Gräfelfing/Berlin,NA
Kirchheim,Bayern
Deetz,Sachsen-Anhalt
Leer (Ostfriesland),Niedersachsen
Bolanden,Rheinland-Pfalz
Wildau,Brandenburg
Erlenbach am Main,Bayern
Strande,Schleswig-Holstein
Bielefeld,Nordrhein-Westfalen
Kaiserslautern,Rheinland-Pfalz
Merzig,Saarland
Biersdorf,Rheinland-Pfalz
Schwentinental,Schleswig-Holstein
Schwabach,Bayern
Chorin,Brandenburg
Kleinschmalkalden,Thüringen
Dußlingen,Baden-Württemberg
Nordenham,Niedersachsen
Stadecken-Elsheim,Rheinland-Pfalz
Runding,Bayern
Rheda-Wiedenbrück,Nordrhein-Westfalen
Windhagen,Rheinland-Pfalz
Iserlohn,Nordrhein-Westfalen
Innernzell,Bayern
Sengenthal,Bayern
Georgsmarienhütte,Niedersachsen
Friedersdorf,Thüringen
Heringen (Werra),Hessen
Schönebeck (Elbe),Sachsen-Anhalt
Stendal,Sachsen-Anhalt
Naunhof,Sachsen
Lauterach,Baden-Württemberg
Hohenstein,Hessen
Geilenkirchen,Nordrhein-Westfalen
Elmshorn,Schleswig-Holstein
Lieskau,Sachsen-Anhalt
Albstadt,Baden-Württemberg
Bad Bergzabern,Rheinland-Pfalz
Traunstein,Bayern
Biebergemünd,Hessen
Osann-Monzel,Rheinland-Pfalz
Freyung,Bayern
Wolfenbüttel,Niedersachsen
Wörth am Rhein,Rheinland-Pfalz
Leipzig,Sachsen
Daldorf,Schleswig-Holstein
Fröndenberg,Nordrhein-Westfalen
Lörrach,Baden-Württemberg
Steinfurt,Nordrhein-Westfalen
Hohenstadt,Baden-Württemberg
Hattersheim,Hessen
Buttenheim,Bayern
Haar,Bayern
Donauwörth,Bayern
Vaterstetten,Bayern
Mindelheim,Bayern
Planegg,Bayern
Volkach,Bayern
Kierspe,Nordrhein-Westfalen
Leutkirch im Allgäu,Baden-Württemberg
Niestetal,Hessen
Varel,Niedersachsen
Genthin,Sachsen-Anhalt
Bad Rodach-Heldritt,Bayern
Norderstedt,Schleswig-Holstein
Merchweiler,Saarland
Friesdorf,Nordrhein-Westfalen
Dreba,Thüringen
Giesen,Niedersachsen
Heikendorf,Schleswig-Holstein
Gärtringen,Baden-Württemberg
OT Rebesgrün,NA
Oppenheim,Rheinland-Pfalz
Balingen,Baden-Württemberg
Norden,Niedersachsen
Essen,Nordrhein-Westfalen
Mülheim an der Ruhr,Nordrhein-Westfalen
Seegebiet Mansfelder Land,Sachsen-Anhalt
Stadthagen,Niedersachsen
Waldems,Hessen
Osnabrück,Niedersachsen
Germering,Bayern
Waidhaus,Bayern
Taura,Sachsen
Schellerten,Niedersachsen
Lüneburg,Niedersachsen
Michendorf,Brandenburg
Henningsdorf,Niedersachsen
Laaber,Bayern
Dillingen,Bayern
Steinhagen,Nordrhein-Westfalen
Mannheim,Baden-Württemberg
Hanau,Hessen
Roßlau,Sachsen-Anhalt
Bad Oldesloe,Schleswig-Holstein
Blankenhain,Thüringen
Gleichen,Niedersachsen
Atzendorf,Sachsen-Anhalt
Marburg,Hessen
Frankfurt am Main,Hessen
Gauting,Bayern
Everswinkel,Nordrhein-Westfalen
Rodgau,Hessen
Jüterbog,Brandenburg
Schipkau Meuro,Brandenburg
Frankenberg (Eder),Hessen
Schweich,Rheinland-Pfalz
Zwickau,Sachsen
CH- Pontresina,NA
Greven,Nordrhein-Westfalen
Kürnach,Bayern
Wilsdruff,Sachsen
Roetgen,Nordrhein-Westfalen
Bexbach,Saarland
Pforzheim,Baden-Württemberg
Berlin,Berlin
Dinslaken,Nordrhein-Westfalen
Siegburg,Nordrhein-Westfalen
Hohen Neuendorf,Brandenburg
Lagendorf,Sachsen-Anhalt
Wallenhorst,Niedersachsen
Bork-Lellichow,NA
Saarbrücken,Saarland
Markkleeberg,Sachsen
Finsterwalde,Brandenburg
Lampertheim,Hessen
Moritzberg,Sachsen
Waldershof,Bayern
Wallerfangen,Saarland
Wernigerode,Sachsen-Anhalt
Gudensberg,Hessen
Ihlow,Niedersachsen
Radeberg,Sachsen
Tübingen,Baden-Württemberg
Saarwellingen,Saarland
Großweitzschen,Sachsen
Bruck,Bayern
Landau,Rheinland-Pfalz
Remseck am Neckar,Baden-Württemberg
Eurasburg,Bayern
Sylt-Ost,Nordrhein-Westfalen
Klein Rönnau,Schleswig-Holstein
Parsdorf,Bayern
Leese,Niedersachsen
Ettlingen,Baden-Württemberg
Steimbke,Niedersachsen
Graach,Rheinland-Pfalz
Gersheim,Saarland
Maßbach,Bayern
Friesoythe,Niedersachsen
Großenhain,Sachsen
Ganderkesee,Niedersachsen
Schwedt/Oder,Brandenburg
Fuchstal,Bayern
Margetshöchheim,Bayern
Jesenwang,Bayern
Schindellegi,NA
Stein bei Nürnberg,Bayern
Saalstadt,Rheinland-Pfalz
Ratingen,Nordrhein-Westfalen
Uffenheim,Bayern
Althengstett,Baden-Württemberg
Heusweiler,Saarland
Heiligenhaus,Nordrhein-Westfalen
Kernen im Remstal,Baden-Württemberg
Achim,Niedersachsen
Parkstein,Bayern
CH-Engelberg,NA
Friedrichsdorf,Hessen
Heßdorf,Bayern
Schöfweg,Bayern
Chieming,Bayern
